file,species
948cdb277.png,Cleavers
d2f0f326e.png,Charlock
36ed4f215.png,Common Chickweed
da231c97f.png,Scentless Mayweed
b6f3d8b5d.png,Scentless Mayweed
33317fc2a.png,Fat Hen
c35efa095.png,Scentless Mayweed
b4c3df835.png,Maize
35a90f8d0.png,Scentless Mayweed
eec1079a1.png,Charlock
6049234e6.png,Fat Hen
8e29abce1.png,Scentless Mayweed
4ac29bbf0.png,Common Chickweed
f6d250856.png,Shepherds Purse
c2de6020a.png,Small-flowered Cranesbill
5b3000b9a.png,Maize
ef02b4ee7.png,Sugar beet
5eb9c26a6.png,Loose Silky-bent
a935ca110.png,Loose Silky-bent
851c90831.png,Black-grass
bd789d151.png,Common Chickweed
fea3da57c.png,Sugar beet
b341d0aab.png,Common Chickweed
615d2b0a9.png,Sugar beet
11d3f68ff.png,Loose Silky-bent
cc74feadc.png,Black-grass
8c98a6e9b.png,Loose Silky-bent
d0cdc768f.png,Common wheat
5bc6595f6.png,Maize
606647f64.png,Common Chickweed
1fefb54b7.png,Fat Hen
ac75d3326.png,Loose Silky-bent
4c5ab9b68.png,Cleavers
122913909.png,Maize
0751c0bbc.png,Sugar beet
590f5aea6.png,Charlock
a85b48a95.png,Scentless Mayweed
37c3108d6.png,Shepherds Purse
7696badea.png,Black-grass
98da6ef4e.png,Scentless Mayweed
22e79540f.png,Cleavers
ba3ce6b3e.png,Scentless Mayweed
3d65168c2.png,Common Chickweed
8ab8a958b.png,Fat Hen
2406d6c99.png,Shepherds Purse
b944a49ca.png,Loose Silky-bent
96f14d90c.png,Sugar beet
a890ac088.png,Charlock
37e545a60.png,Common Chickweed
647689543.png,Loose Silky-bent
ef3e232ad.png,Common Chickweed
c50335991.png,Fat Hen
fadc6adbc.png,Charlock
29f49cd0b.png,Fat Hen
fbf88b6be.png,Charlock
bb1c84bbc.png,Loose Silky-bent
d563be369.png,Fat Hen
8cf909eb3.png,Charlock
995c7ab1e.png,Common wheat
0f6cbe5e8.png,Maize
780bd2a2c.png,Sugar beet
39858776a.png,Cleavers
599691cd9.png,Small-flowered Cranesbill
65e97117e.png,Loose Silky-bent
3fbf1a417.png,Cleavers
3e9f41817.png,Loose Silky-bent
c0bc3997b.png,Scentless Mayweed
23bc8ec4f.png,Common Chickweed
37297a64c.png,Common Chickweed
258b1183c.png,Cleavers
ff65bc002.png,Charlock
acdb75e00.png,Loose Silky-bent
1694a70e4.png,Scentless Mayweed
79d93bc96.png,Loose Silky-bent
e15472085.png,Common Chickweed
ffc6f8527.png,Common wheat
07e62f903.png,Maize
3526b05cc.png,Scentless Mayweed
88d8a4508.png,Fat Hen
36839d5e9.png,Scentless Mayweed
a83820a2c.png,Sugar beet
59358cd44.png,Small-flowered Cranesbill
d93c7ab6d.png,Loose Silky-bent
edfdb4aeb.png,Scentless Mayweed
88ac6df54.png,Loose Silky-bent
5ee9d0a5b.png,Loose Silky-bent
24a058589.png,Charlock
17529c555.png,Scentless Mayweed
a74d475c2.png,Common Chickweed
4e9d3765f.png,Charlock
a4b61a4ea.png,Loose Silky-bent
523e5505c.png,Fat Hen
b7ad92859.png,Shepherds Purse
e5297b675.png,Loose Silky-bent
d515398fd.png,Loose Silky-bent
6df8e31ea.png,Charlock
1b6a6494d.png,Sugar beet
f48916a8c.png,Scentless Mayweed
6680836dd.png,Sugar beet
7a38416be.png,Charlock
2f246d688.png,Small-flowered Cranesbill
a276c65f7.png,Loose Silky-bent
6edc76e7c.png,Fat Hen
23e480e64.png,Shepherds Purse
46c14fde2.png,Loose Silky-bent
c60e91e07.png,Loose Silky-bent
5ca2687a4.png,Maize
26e7ae885.png,Fat Hen
c85ef220d.png,Common Chickweed
6982a9d30.png,Small-flowered Cranesbill
00ef713a8.png,Common Chickweed
5bbc0a255.png,Common Chickweed
35cf9fa01.png,Shepherds Purse
506347cfe.png,Cleavers
f25996db8.png,Small-flowered Cranesbill
44e8b8833.png,Small-flowered Cranesbill
721b2c47a.png,Fat Hen
a74bf916d.png,Shepherds Purse
67ce3eaa6.png,Small-flowered Cranesbill
c0f5d9ac8.png,Small-flowered Cranesbill
2693e5c65.png,Maize
6d6eb3830.png,Shepherds Purse
99036c51d.png,Loose Silky-bent
d6d31dcbe.png,Scentless Mayweed
8ca6140ca.png,Loose Silky-bent
534e74d83.png,Maize
8cfd98117.png,Scentless Mayweed
bb64660b7.png,Sugar beet
4e18ab737.png,Cleavers
3eda9cbb6.png,Scentless Mayweed
6bce55e05.png,Cleavers
c5078bac5.png,Loose Silky-bent
ace8761dd.png,Common Chickweed
855955aaf.png,Small-flowered Cranesbill
c6b76307d.png,Cleavers
fa5fd1384.png,Shepherds Purse
6dd095129.png,Common Chickweed
fc3e58836.png,Scentless Mayweed
f9ea23fb5.png,Fat Hen
df11d56a7.png,Sugar beet
aee6fa3df.png,Loose Silky-bent
da713c465.png,Black-grass
df521c0c0.png,Loose Silky-bent
4e1190d78.png,Black-grass
1f3f44563.png,Maize
8916793ce.png,Small-flowered Cranesbill
d8f4923f8.png,Common Chickweed
d41d87796.png,Scentless Mayweed
90b595f12.png,Common Chickweed
8303b27ed.png,Loose Silky-bent
0437393b1.png,Fat Hen
0c27cf05f.png,Loose Silky-bent
2dd5cfba9.png,Shepherds Purse
8a8d6c712.png,Cleavers
f4e7733d4.png,Small-flowered Cranesbill
99569b224.png,Common wheat
b31292706.png,Common Chickweed
bdde957ec.png,Scentless Mayweed
c06e7c748.png,Scentless Mayweed
39b740f7e.png,Black-grass
b3e08b037.png,Fat Hen
0d117d910.png,Common Chickweed
966ae5ad9.png,Loose Silky-bent
fea1d13d6.png,Shepherds Purse
0086a6340.png,Common Chickweed
da5255450.png,Common Chickweed
b573b7a56.png,Loose Silky-bent
a8388a37f.png,Fat Hen
0caeda5df.png,Common wheat
33448fe39.png,Loose Silky-bent
1c680883c.png,Loose Silky-bent
ef9676433.png,Charlock
148bbda66.png,Charlock
b0acaff4a.png,Black-grass
8b043093d.png,Small-flowered Cranesbill
0bf7bfb05.png,Black-grass
974959ec1.png,Common wheat
78750e0ff.png,Charlock
16fd2e01a.png,Small-flowered Cranesbill
78b1bf91a.png,Sugar beet
b7a7f6390.png,Fat Hen
c0461776c.png,Common Chickweed
1be0713da.png,Cleavers
0625f063b.png,Common Chickweed
d350a25fa.png,Common Chickweed
721be0a4a.png,Loose Silky-bent
8104422bb.png,Common Chickweed
dabea05f4.png,Loose Silky-bent
2a5064f19.png,Common wheat
558aa7deb.png,Loose Silky-bent
aa7d098d1.png,Common Chickweed
13b9fa92d.png,Sugar beet
592cc5b89.png,Loose Silky-bent
490c4f9c8.png,Fat Hen
770a265f5.png,Small-flowered Cranesbill
115f93ecc.png,Loose Silky-bent
958bb9e96.png,Charlock
78c5fba1d.png,Sugar beet
d6c8c3c48.png,Small-flowered Cranesbill
03a2ee656.png,Small-flowered Cranesbill
862b8e7a0.png,Sugar beet
5f04aed97.png,Small-flowered Cranesbill
4392d93cf.png,Fat Hen
e4d5ec761.png,Black-grass
963544aa0.png,Loose Silky-bent
29bab7cad.png,Common Chickweed
ce15eee52.png,Charlock
47f9e5d91.png,Common Chickweed
a3d0031fd.png,Loose Silky-bent
3f64c2c1b.png,Common wheat
a19c3faca.png,Cleavers
16357b436.png,Loose Silky-bent
824f5d4e5.png,Sugar beet
efe19dc32.png,Charlock
0885e7690.png,Scentless Mayweed
126a71ce0.png,Charlock
6db684fff.png,Scentless Mayweed
444473900.png,Fat Hen
800a8c17e.png,Fat Hen
71334c634.png,Maize
afa446484.png,Small-flowered Cranesbill
69d1669f8.png,Charlock
e82017baa.png,Loose Silky-bent
74068643d.png,Loose Silky-bent
664194d19.png,Small-flowered Cranesbill
2d992d1fb.png,Loose Silky-bent
53e6e9000.png,Common wheat
65489944f.png,Shepherds Purse
728eabae1.png,Charlock
5a6bf96f6.png,Maize
b47691c08.png,Scentless Mayweed
e5368474f.png,Scentless Mayweed
aecfaed64.png,Shepherds Purse
e9cd91682.png,Common Chickweed
61b044411.png,Loose Silky-bent
5e6a237f2.png,Sugar beet
a35fd6fbb.png,Common Chickweed
2a667e099.png,Fat Hen
e14afa235.png,Black-grass
52dc7a4d6.png,Common Chickweed
d5f7dd60a.png,Scentless Mayweed
79e5ea8fa.png,Common wheat
1459e96a0.png,Cleavers
599c82eea.png,Scentless Mayweed
f9b6bfb00.png,Cleavers
fc6f686fb.png,Sugar beet
20817c846.png,Scentless Mayweed
3edf5e9ef.png,Common wheat
3b73c3b61.png,Loose Silky-bent
f3fcfff1b.png,Cleavers
37714071b.png,Shepherds Purse
a3b375b34.png,Loose Silky-bent
4c8005bbc.png,Black-grass
866be78b0.png,Common Chickweed
8a32d0bfa.png,Small-flowered Cranesbill
0021e90e4.png,Small-flowered Cranesbill
5b3beec58.png,Loose Silky-bent
c6c8d4ba0.png,Loose Silky-bent
f8318faf1.png,Scentless Mayweed
2f0004a7f.png,Common wheat
8f523520c.png,Shepherds Purse
17a78fb44.png,Common wheat
f2dc546ca.png,Cleavers
77ccb8b2a.png,Small-flowered Cranesbill
dc55449b2.png,Sugar beet
b6a3f7876.png,Black-grass
a006a475c.png,Shepherds Purse
c7eb96871.png,Common wheat
270b939cf.png,Common Chickweed
7691014a1.png,Charlock
e98e5d1d5.png,Black-grass
87608f7aa.png,Charlock
20ea96bcc.png,Fat Hen
1d56351b2.png,Common Chickweed
3efa1f66c.png,Black-grass
d488a4fe1.png,Common wheat
24c94a6ca.png,Sugar beet
5bdcfa329.png,Loose Silky-bent
65e262a6d.png,Charlock
780defa2e.png,Common Chickweed
bf66b9cd2.png,Maize
fea355851.png,Loose Silky-bent
76555b064.png,Loose Silky-bent
fba8fc78a.png,Loose Silky-bent
7b52585da.png,Loose Silky-bent
03566743d.png,Fat Hen
ede6b84b4.png,Cleavers
bea23d9f8.png,Scentless Mayweed
97b2f0a10.png,Small-flowered Cranesbill
98d819587.png,Shepherds Purse
9d79a1f0c.png,Small-flowered Cranesbill
239bdf640.png,Charlock
187668bde.png,Scentless Mayweed
e5064f6be.png,Sugar beet
521b27a17.png,Loose Silky-bent
43ede9de9.png,Charlock
86676d627.png,Fat Hen
1926e82fd.png,Loose Silky-bent
003d61042.png,Fat Hen
223e4af09.png,Cleavers
2b55a2da2.png,Charlock
785a73ab8.png,Common Chickweed
ef7a5651d.png,Scentless Mayweed
d09d24c58.png,Loose Silky-bent
f4234cf4f.png,Fat Hen
c7ae30f3a.png,Scentless Mayweed
172f9b10b.png,Common Chickweed
a800caead.png,Sugar beet
7beb2766f.png,Scentless Mayweed
25a4c427e.png,Loose Silky-bent
ef65533d5.png,Black-grass
969a851be.png,Scentless Mayweed
fa9f3a8f9.png,Cleavers
456d507c0.png,Cleavers
e1a0e3202.png,Loose Silky-bent
59c6a9f95.png,Fat Hen
4823c3ffa.png,Scentless Mayweed
bb20fce02.png,Scentless Mayweed
c74c5b7fc.png,Shepherds Purse
a93f940d6.png,Scentless Mayweed
241e6935a.png,Sugar beet
4049a6ea6.png,Loose Silky-bent
cbe761896.png,Charlock
7d3045fc3.png,Sugar beet
1758a1baf.png,Common Chickweed
39d569be4.png,Loose Silky-bent
98062cd87.png,Common Chickweed
00c47e980.png,Sugar beet
cb76a7766.png,Fat Hen
c10ccbd82.png,Scentless Mayweed
1364b297a.png,Cleavers
f1f7c833f.png,Shepherds Purse
3281183f9.png,Scentless Mayweed
a8da9c08d.png,Charlock
756dd5070.png,Common Chickweed
59b2c6f2b.png,Common Chickweed
67e185673.png,Small-flowered Cranesbill
976e4e079.png,Common Chickweed
22fbf13d6.png,Loose Silky-bent
bb7621cb3.png,Fat Hen
da4ed3a28.png,Charlock
6908fb540.png,Sugar beet
063363305.png,Small-flowered Cranesbill
9326bda1b.png,Common Chickweed
61dd2cdc5.png,Common wheat
2d9c798f9.png,Small-flowered Cranesbill
c832e4302.png,Fat Hen
b130a0632.png,Cleavers
0d31e6602.png,Small-flowered Cranesbill
3d38a87bc.png,Loose Silky-bent
e19673dc9.png,Charlock
8e4eaeec0.png,Common Chickweed
7d4cd07ad.png,Common Chickweed
8d6991365.png,Black-grass
ab0f67743.png,Loose Silky-bent
df7cb5f87.png,Common Chickweed
593896f83.png,Common Chickweed
ce3d280eb.png,Common Chickweed
e471f1d3a.png,Charlock
675ec1b0b.png,Small-flowered Cranesbill
b30ab4659.png,Cleavers
e3f50adfc.png,Cleavers
835dc5447.png,Small-flowered Cranesbill
e73e308be.png,Fat Hen
dabe3e5be.png,Small-flowered Cranesbill
0e8492cb1.png,Sugar beet
2d5058a59.png,Common Chickweed
1191ba346.png,Cleavers
b3d6fdb80.png,Shepherds Purse
31f3dd81f.png,Loose Silky-bent
5315c2dca.png,Loose Silky-bent
fb022edf9.png,Sugar beet
03e322a29.png,Sugar beet
cbba27d89.png,Maize
9516e56c4.png,Black-grass
1c52ea820.png,Fat Hen
8a30b2de3.png,Sugar beet
41f1c3cdb.png,Fat Hen
071cb3ece.png,Fat Hen
20f983a71.png,Fat Hen
8faadb6a8.png,Sugar beet
406162ef9.png,Charlock
a2b703e21.png,Small-flowered Cranesbill
adb7a032c.png,Loose Silky-bent
8d6acbe9b.png,Common Chickweed
fe9e87b78.png,Scentless Mayweed
3fbd0fc6a.png,Common Chickweed
9d3cb4745.png,Common wheat
165681fd9.png,Shepherds Purse
4ea7493d5.png,Sugar beet
42e7ed442.png,Shepherds Purse
0c5f6c493.png,Black-grass
93079d970.png,Sugar beet
53ceb4657.png,Common Chickweed
47b7d8e17.png,Small-flowered Cranesbill
f66ae4070.png,Maize
c5e88cd42.png,Common Chickweed
55920f07f.png,Maize
f445fe6fb.png,Charlock
2126dc71b.png,Common Chickweed
827279bad.png,Scentless Mayweed
116b136de.png,Sugar beet
c64370a72.png,Sugar beet
90d119d25.png,Scentless Mayweed
6c874918c.png,Black-grass
a254d71f6.png,Black-grass
4b032563b.png,Common Chickweed
3a909ead8.png,Small-flowered Cranesbill
b828443ff.png,Maize
71f5323c5.png,Loose Silky-bent
8a4d3a1b1.png,Loose Silky-bent
be2499cf4.png,Black-grass
16467a950.png,Loose Silky-bent
4f44ca525.png,Common Chickweed
7f9e9565d.png,Scentless Mayweed
007b3da8b.png,Sugar beet
550a8b7e6.png,Small-flowered Cranesbill
5779fe8b4.png,Fat Hen
618de3d7a.png,Charlock
205df1df3.png,Fat Hen
1dc7c45df.png,Loose Silky-bent
32c86784b.png,Common Chickweed
71b232519.png,Black-grass
c75a82234.png,Scentless Mayweed
a2c89c367.png,Charlock
466bb6d3b.png,Maize
80e299ae9.png,Shepherds Purse
59f62ad1d.png,Loose Silky-bent
a9d2eab61.png,Black-grass
fd253a74e.png,Cleavers
08d591441.png,Sugar beet
b9062c1c8.png,Sugar beet
97844bfd5.png,Shepherds Purse
e88bf0db9.png,Small-flowered Cranesbill
9fab816f2.png,Fat Hen
fe29629fb.png,Scentless Mayweed
7506c0c02.png,Scentless Mayweed
9b9911f20.png,Scentless Mayweed
d01873fdd.png,Loose Silky-bent
9c32a797e.png,Common wheat
e7077322d.png,Scentless Mayweed
4bbfd1e05.png,Cleavers
b29339405.png,Loose Silky-bent
65d08b894.png,Sugar beet
48d97c645.png,Small-flowered Cranesbill
0dba99002.png,Sugar beet
9cce7328c.png,Loose Silky-bent
699d3c707.png,Sugar beet
79fba50db.png,Common Chickweed
1821eb11a.png,Scentless Mayweed
177d7e2a4.png,Common Chickweed
b1cd2a91e.png,Cleavers
7cabd68cc.png,Loose Silky-bent
64fe8beb9.png,Scentless Mayweed
d0152bd7c.png,Fat Hen
cf3a8b2fd.png,Loose Silky-bent
d102e1a15.png,Cleavers
86f08e6d1.png,Fat Hen
c26ccf73c.png,Common Chickweed
b026bf8ca.png,Loose Silky-bent
5dcad9a53.png,Small-flowered Cranesbill
f23faf9c1.png,Loose Silky-bent
e19ad6ac9.png,Charlock
604dd663f.png,Shepherds Purse
d689256be.png,Common wheat
b145ba9d4.png,Scentless Mayweed
a8c8a1db0.png,Shepherds Purse
48ef6a2ff.png,Common wheat
5817b766d.png,Shepherds Purse
9baf94467.png,Sugar beet
12625488b.png,Fat Hen
7fdb7202d.png,Scentless Mayweed
f351ce097.png,Loose Silky-bent
96ecad7a1.png,Small-flowered Cranesbill
9b4800b42.png,Charlock
1d0cbd819.png,Loose Silky-bent
a8b431a3e.png,Sugar beet
4f83143e1.png,Maize
cf46d09c5.png,Common Chickweed
59e1cea8d.png,Cleavers
060f1dc84.png,Shepherds Purse
48231e475.png,Scentless Mayweed
ab35453cb.png,Cleavers
c8f50f0c3.png,Common wheat
55251925f.png,Common Chickweed
0911d3dee.png,Common Chickweed
1f290e016.png,Scentless Mayweed
79dafec17.png,Loose Silky-bent
cfb18d262.png,Scentless Mayweed
b39c71707.png,Maize
a060c1cf8.png,Maize
6b9d6f8c9.png,Sugar beet
e5e3dccff.png,Common wheat
e96e57a90.png,Shepherds Purse
219fd68d5.png,Scentless Mayweed
0a64e3e6c.png,Black-grass
33748968f.png,Cleavers
391dcd7fd.png,Loose Silky-bent
bebcaab66.png,Scentless Mayweed
1d48b7564.png,Loose Silky-bent
d7017f701.png,Fat Hen
592473c83.png,Black-grass
eef131644.png,Loose Silky-bent
abf8b0772.png,Scentless Mayweed
0c45ace27.png,Common Chickweed
659412b1a.png,Loose Silky-bent
54b3afd58.png,Cleavers
d3331e071.png,Fat Hen
cadab6616.png,Shepherds Purse
c5e419015.png,Scentless Mayweed
26852751a.png,Charlock
6a41bf95b.png,Scentless Mayweed
8ece6efec.png,Scentless Mayweed
f85ed9b6d.png,Shepherds Purse
4b155fb07.png,Maize
3bbef3ecb.png,Scentless Mayweed
60ee66ddd.png,Cleavers
a38b8a581.png,Small-flowered Cranesbill
e921021a8.png,Fat Hen
4c7838de4.png,Common Chickweed
f593c9cf0.png,Sugar beet
e0ec5b6a1.png,Sugar beet
56112b92c.png,Small-flowered Cranesbill
686dc7ec8.png,Black-grass
808cf55c6.png,Shepherds Purse
92292055d.png,Common Chickweed
837ac0270.png,Scentless Mayweed
a5db42f7d.png,Maize
30ad31220.png,Charlock
35ebe165c.png,Loose Silky-bent
d2fd9df40.png,Black-grass
711b46fba.png,Shepherds Purse
a2d25b4f3.png,Small-flowered Cranesbill
6ba4ef411.png,Cleavers
cf90fc52d.png,Maize
bd72d4d8a.png,Scentless Mayweed
cec5bf198.png,Cleavers
5296835a0.png,Small-flowered Cranesbill
86c309150.png,Sugar beet
4a337a4a9.png,Fat Hen
bb1d1bfd3.png,Cleavers
abc331628.png,Common wheat
3d67c434b.png,Fat Hen
b687160f5.png,Small-flowered Cranesbill
e901b0f28.png,Fat Hen
31fcdc161.png,Maize
7d22abf91.png,Scentless Mayweed
8c9953903.png,Fat Hen
2df78338c.png,Common Chickweed
3f92d8039.png,Loose Silky-bent
2bd74d2da.png,Loose Silky-bent
c10db7ae2.png,Maize
0ae6668fa.png,Loose Silky-bent
dcd7ff249.png,Scentless Mayweed
56a01b835.png,Cleavers
9c777333d.png,Common Chickweed
8dbb8e1b9.png,Charlock
1cfd91582.png,Charlock
1312065a5.png,Small-flowered Cranesbill
05341a8a6.png,Scentless Mayweed
00d090cde.png,Black-grass
085974290.png,Scentless Mayweed
6be169e41.png,Shepherds Purse
9aa5587fe.png,Loose Silky-bent
ae90f2827.png,Common Chickweed
632156793.png,Cleavers
7b21ba6ba.png,Sugar beet
55a852f40.png,Common Chickweed
8874bba69.png,Loose Silky-bent
e721c6ac8.png,Black-grass
a1da8be3c.png,Maize
bfab3e3d0.png,Sugar beet
d09275360.png,Sugar beet
55fed435f.png,Maize
19b51843a.png,Common Chickweed
cd6adba97.png,Small-flowered Cranesbill
f0ffa00bd.png,Sugar beet
7615e52d3.png,Cleavers
17d5e5ac4.png,Loose Silky-bent
19618ad6a.png,Sugar beet
29ce426a1.png,Common Chickweed
856f2910a.png,Small-flowered Cranesbill
52a87abe5.png,Fat Hen
5b63dcc21.png,Common Chickweed
cb496f36e.png,Loose Silky-bent
75cb95e91.png,Charlock
3185294c8.png,Scentless Mayweed
cae684f8f.png,Charlock
85431c075.png,Loose Silky-bent
d89db156f.png,Small-flowered Cranesbill
0c4199daa.png,Loose Silky-bent
d14aa43f3.png,Small-flowered Cranesbill
288564c76.png,Sugar beet
19fdf19fb.png,Common wheat
668c1007c.png,Charlock
8170d33c1.png,Maize
377283a21.png,Maize
e1abb4ff9.png,Sugar beet
338c7e907.png,Charlock
63c07d340.png,Sugar beet
8301b0547.png,Charlock
e1809cef2.png,Scentless Mayweed
14bb43eee.png,Common wheat
0fb233ad6.png,Small-flowered Cranesbill
9c0c5b731.png,Loose Silky-bent
60f0bc617.png,Small-flowered Cranesbill
4bbf1f6ea.png,Shepherds Purse
e478c452c.png,Sugar beet
e84464f5a.png,Cleavers
809eb0b82.png,Charlock
60fea2ef6.png,Sugar beet
fda0b5c38.png,Common wheat
91e469b4a.png,Charlock
a169b71e7.png,Charlock
d17f48d3b.png,Scentless Mayweed
6b721f68e.png,Black-grass
9c8b08a24.png,Loose Silky-bent
24d36c52c.png,Common Chickweed
03ef36742.png,Scentless Mayweed
dfb1d9012.png,Loose Silky-bent
dc4cd56a3.png,Loose Silky-bent
eaf0815e2.png,Small-flowered Cranesbill
8455169fe.png,Common wheat
0ebf8f2f4.png,Maize
76dbd1054.png,Scentless Mayweed
aaf4da98f.png,Sugar beet
f4caf74f9.png,Charlock
7f46a71db.png,Sugar beet
5c3cd7ea2.png,Scentless Mayweed
e9d48d664.png,Shepherds Purse
7e9cf1c46.png,Common Chickweed
4287d810c.png,Common Chickweed
e80a259c5.png,Small-flowered Cranesbill
afcf6abd5.png,Small-flowered Cranesbill
897e5a8de.png,Cleavers
8b9144917.png,Small-flowered Cranesbill
502dff972.png,Small-flowered Cranesbill
ec08a5d56.png,Small-flowered Cranesbill
b215531dd.png,Cleavers
5bd71f445.png,Common Chickweed
099b961ec.png,Shepherds Purse
71e73a8a0.png,Sugar beet
5a38ac566.png,Loose Silky-bent
8e2e5604e.png,Sugar beet
ad12382d4.png,Loose Silky-bent
1376f3b63.png,Loose Silky-bent
e4a76885b.png,Maize
429211ee6.png,Fat Hen
f9f35cbd4.png,Common Chickweed
a85fc8c9a.png,Small-flowered Cranesbill
1623fb9e1.png,Fat Hen
a0f37c726.png,Small-flowered Cranesbill
060450d79.png,Common Chickweed
406ecb5c5.png,Charlock
a7bd7cadb.png,Fat Hen
dce2f6612.png,Common Chickweed
54c8bb900.png,Charlock
41e07778c.png,Cleavers
3eebd36c6.png,Charlock
b62dca166.png,Fat Hen
c069fc3fa.png,Fat Hen
0ad9e7dfb.png,Sugar beet
892e9d6c6.png,Scentless Mayweed
026716f9b.png,Loose Silky-bent
fdea6b119.png,Black-grass
cc3d2a59a.png,Sugar beet
fd87b36ae.png,Loose Silky-bent
ef74dbcad.png,Scentless Mayweed
7c85b0265.png,Loose Silky-bent
5af1d74ee.png,Sugar beet
af45e222a.png,Scentless Mayweed
2ff5cb348.png,Sugar beet
8bc0261c9.png,Loose Silky-bent
1b490196c.png,Shepherds Purse
e783f5a4f.png,Sugar beet
752101fdf.png,Small-flowered Cranesbill
0c51bf229.png,Maize
73260a4ee.png,Fat Hen
01291174f.png,Fat Hen
1d321253f.png,Fat Hen
d668409ff.png,Black-grass
2e86f1085.png,Fat Hen
b4f7c9214.png,Black-grass
24dbc3b21.png,Sugar beet
3ebbe9ca4.png,Charlock
fd925f542.png,Common Chickweed
c0d9e170b.png,Small-flowered Cranesbill
50de8a115.png,Shepherds Purse
8b27bfd2b.png,Small-flowered Cranesbill
38c054379.png,Small-flowered Cranesbill
410e6f702.png,Small-flowered Cranesbill
19e58cc5e.png,Common Chickweed
e6f1211a2.png,Sugar beet
32a8c8a1d.png,Loose Silky-bent
e52493d0b.png,Common wheat
b5c7fd009.png,Black-grass
953496deb.png,Fat Hen
32b42c120.png,Small-flowered Cranesbill
754b1adf8.png,Small-flowered Cranesbill
3abb502fb.png,Loose Silky-bent
8e6ec1ca6.png,Small-flowered Cranesbill
fef2ade8c.png,Sugar beet
8311740de.png,Fat Hen
dd5ec63d9.png,Sugar beet
f33e9d918.png,Scentless Mayweed
b03397525.png,Loose Silky-bent
9df3275da.png,Small-flowered Cranesbill
da9ef7858.png,Charlock
248436078.png,Cleavers
3827436f3.png,Common Chickweed
ce42adffb.png,Loose Silky-bent
82b5f4d33.png,Shepherds Purse
ac3193f78.png,Common Chickweed
cfd8165e9.png,Charlock
2ea664465.png,Sugar beet
e5881dd33.png,Fat Hen
e15fce4f2.png,Scentless Mayweed
9a3f20121.png,Loose Silky-bent
4e69d100a.png,Small-flowered Cranesbill
653193c1a.png,Common wheat
043449b0b.png,Sugar beet
f1e87cba7.png,Loose Silky-bent
8e3ed0a25.png,Small-flowered Cranesbill
06d12f6fa.png,Shepherds Purse
c7b07431e.png,Scentless Mayweed
36d62bf36.png,Common wheat
1f5e5554e.png,Small-flowered Cranesbill
589e643b8.png,Shepherds Purse
4bcdaa5e2.png,Shepherds Purse
24d78df74.png,Common Chickweed
beebe5f4e.png,Scentless Mayweed
74fd477eb.png,Common Chickweed
3da774107.png,Fat Hen
25fa8d109.png,Common wheat
04814f36d.png,Scentless Mayweed
caa2fbd79.png,Common Chickweed
f4021df6c.png,Fat Hen
39c8fde99.png,Loose Silky-bent
a1e0a6c02.png,Cleavers
d9c50616e.png,Sugar beet
3f826b318.png,Common Chickweed
8db450ce3.png,Common Chickweed
1541bdb2e.png,Maize
7f31c7f42.png,Loose Silky-bent
a8de7c1b7.png,Loose Silky-bent
c4ed8ed38.png,Charlock
dd9f36df7.png,Small-flowered Cranesbill
cd5f0db1c.png,Small-flowered Cranesbill
c88ebfb47.png,Small-flowered Cranesbill
20e562fd5.png,Sugar beet
d84d37a61.png,Common Chickweed
089ad62a7.png,Common Chickweed
c7051c902.png,Common Chickweed
bf3924a57.png,Common Chickweed
de0b79659.png,Fat Hen
b7192c70f.png,Common wheat
d6d80a321.png,Scentless Mayweed
6da892be6.png,Small-flowered Cranesbill
a544fc46d.png,Scentless Mayweed
808578ed5.png,Charlock
aad8375e0.png,Shepherds Purse
b2706e2b3.png,Common wheat
6a47821f9.png,Loose Silky-bent
c63da993b.png,Sugar beet
be341dbdc.png,Loose Silky-bent
a55d26a4c.png,Common Chickweed
0ee4ad224.png,Scentless Mayweed
5ca0205f9.png,Charlock
1e095a7e1.png,Small-flowered Cranesbill
8585f9718.png,Loose Silky-bent
6edb96d45.png,Cleavers
b98327bf4.png,Scentless Mayweed
3dd52bd2a.png,Small-flowered Cranesbill
34dd57ca9.png,Loose Silky-bent
bffc08672.png,Scentless Mayweed
1bf9b94a6.png,Scentless Mayweed
f4ad9d950.png,Sugar beet
02cfeb38d.png,Loose Silky-bent
fda39e16f.png,Loose Silky-bent
446f7da01.png,Loose Silky-bent
93d76fd5d.png,Small-flowered Cranesbill
8cf2e3e6c.png,Common Chickweed
a0b393945.png,Small-flowered Cranesbill
87f627bf9.png,Common Chickweed
d2f422ccb.png,Common Chickweed
539961189.png,Common Chickweed
c1ecff98b.png,Loose Silky-bent
74d810f87.png,Loose Silky-bent
25cf6eb73.png,Maize
9643fc5f4.png,Charlock
5883b423d.png,Scentless Mayweed
66ab0e8d0.png,Charlock
279df95f2.png,Sugar beet
486e59179.png,Common Chickweed
